'21301049102','21301049102_skin_0.jpeg','/storage/emulated/0/Images/21301049102_skin_0.jpg'
'21301049103','21301049103_skin_0.jpeg','/storage/emulated/0/Images/21301049103_skin_0.jpg'
'21301049104','21301049104_skin_0.jpeg','/storage/emulated/0/Images/21301049104_skin_0.jpg'
'21301049115','21301049115_skin_0.jpeg','/storage/emulated/0/Images/21301049115_skin_0.jpg'
'21301049105','21301049105_skin_0.jpeg','/storage/emulated/0/Images/21301049105_skin_0.jpg'
'21301049118','21301049118_skin_0.jpeg','/storage/emulated/0/Images/21301049118_skin_0.jpg'
'21301049107','21301049107_skin_0.jpeg','/storage/emulated/0/Images/21301049107_skin_0.jpg'
'21301049106','21301049106_skin_0.jpeg','/storage/emulated/0/Images/21301049106_skin_0.jpg'
'21301049109','21301049109_skin_0.jpeg','/storage/emulated/0/Images/21301049109_skin_0.jpg'
'21301049113','21301049113_skin_0.jpeg','/storage/emulated/0/Images/21301049113_skin_0.jpg'
'21301049111','21301049111_skin_0.jpeg','/storage/emulated/0/Images/21301049111_skin_0.jpg'
'21301049101','21301049101_skin_0.jpeg','/storage/emulated/0/Images/21301049101_skin_0.jpg'
'21301049114','21301049114_skin_0.jpeg','/storage/emulated/0/Images/21301049114_skin_0.jpg'
'21301049116','21301049116_skin_0.jpeg','/storage/emulated/0/Images/21301049116_skin_0.jpg'
'21301049119','21301049119_skin_0.jpeg','/storage/emulated/0/Images/21301049119_skin_0.jpg'
'21301049117','21301049117_skin_0.jpeg','/storage/emulated/0/Images/21301049117_skin_0.jpg'
'21301049119','21301049119_skin_0.jpeg','/storage/emulated/0/Images/21301049119_skin_0.jpg'
'21301049130','21301049130_skin_0.jpeg','/storage/emulated/0/Images/21301049130_skin_0.jpg'
'21301049122','21301049122_skin_0.jpeg','/storage/emulated/0/Images/21301049122_skin_0.jpg'
'21301049125','21301049125_skin_0.jpeg','/storage/emulated/0/Images/21301049125_skin_0.jpg'
'21301049147','21301049147_skin_0.jpeg','/storage/emulated/0/Images/21301049147_skin_0.jpg'
'21301049126','21301049126_skin_0.jpeg','/storage/emulated/0/Images/21301049126_skin_0.jpg'
'21301049148','21301049148_skin_0.jpeg','/storage/emulated/0/Images/21301049148_skin_0.jpg'
'21301049153','21301049153_skin_0.jpeg','/storage/emulated/0/Images/21301049153_skin_0.jpg'
'21301049152','21301049152_skin_0.jpeg','/storage/emulated/0/Images/21301049152_skin_0.jpg'
'21301049137','21301049137_skin_0.jpeg','/storage/emulated/0/Images/21301049137_skin_0.jpg'
'21301049144','21301049144_skin_0.jpeg','/storage/emulated/0/Images/21301049144_skin_0.jpg'
'21301049116','21301049116_skin_0.jpeg','/storage/emulated/0/Images/21301049116_skin_0.jpg'
'21301049134','21301049134_skin_0.jpeg','/storage/emulated/0/Images/21301049134_skin_0.jpg'
'21301049119','21301049119_skin_0.jpeg','/storage/emulated/0/Images/21301049119_skin_0.jpg'
'21301049130','21301049130_skin_0.jpeg','/storage/emulated/0/Images/21301049130_skin_0.jpg'
'21301049122','21301049122_skin_0.jpeg','/storage/emulated/0/Images/21301049122_skin_0.jpg'
'21301049125','21301049125_skin_0.jpeg','/storage/emulated/0/Images/21301049125_skin_0.jpg'
'21301049147','21301049147_skin_0.jpeg','/storage/emulated/0/Images/21301049147_skin_0.jpg'
'21301049126','21301049126_skin_0.jpeg','/storage/emulated/0/Images/21301049126_skin_0.jpg'
'21301049148','21301049148_skin_0.jpeg','/storage/emulated/0/Images/21301049148_skin_0.jpg'
'21301049153','21301049153_skin_0.jpeg','/storage/emulated/0/Images/21301049153_skin_0.jpg'
'21301049152','21301049152_skin_0.jpeg','/storage/emulated/0/Images/21301049152_skin_0.jpg'
'21301049137','21301049137_skin_0.jpeg','/storage/emulated/0/Images/21301049137_skin_0.jpg'
'21301049144','21301049144_skin_0.jpeg','/storage/emulated/0/Images/21301049144_skin_0.jpg'
'21301049116','21301049116_skin_0.jpeg','/storage/emulated/0/Images/21301049116_skin_0.jpg'
'21301049134','21301049134_skin_0.jpeg','/storage/emulated/0/Images/21301049134_skin_0.jpg'
